Lesson,Kanji,On,Kun,Trans
5,一,イチ、イツ,ひとつ,один
1,丁,テイ、チョー,—,"лист, чётный"
5,七,シチ,ななつ,семь
5,万,マン、バン,—,десять тысяч
1,丈,ジョー,たけ,"крепкий, здоровый, высота"
5,三,サン,"みっつ
(みつ)",три
5,上,ジョー,うえ、あげる、のぼる,верх
5,下,カ、ゲ,した、くださる、おりる、さがる,низ
4,不,"フ
(ブ)",—,не (говоря о чём-то плохом)
3,与,ヨ,あたえる,"давать, предоставлять, участвовать"
4,世,セ、セイ,よ,"мир, эпоха, поколение"
3,両,リョー,—,оба
3,並,ヘイ,なみ、ならべる,"ряд, расставлять, обычный"
5,中,チュー,なか,"середина, внутри, во время, в течение"
3,丸,ガン,まる,круг
4,主,シュ,ぬし、おも,хозяин
3,久,キュー,ひさしい,"долгий, продолжительный"
4,乗,ジョー,のる,"ехать, умножать, возводить в степень"
5,九,キュー、ク,ここのつ,девять
3,乱,ラン,みだれる,"беспорядок, злоупотребление"
2,乳,,,milk
2,乾,,,dry
2,了,リョー,—,"конец, понимать"
3,予,ヨ,—,заранее
3,争,ソー,あらそう,"спор, борьба"
4,事,ジ,こと,"дело, обстоятельство"
5,二,ニ,ふたつ,два
2,互,,,mutually
5,五,ゴ,いつつ,пять
1,井,セイ,い,колодец
2,亡,ボー,ない,"покойный, смерть"
3,交,コー,まじわる,"обмениваться, смешивать, пересекаться, отношения"
4,京,キョー、ケイ,—,столица
1,亭,,,pavilion
5,人,ジン、ニン,ひと,человек
5,今,コン,いま,сейчас
3,介,カイ,—,посредничать
3,仏,ブツ,ほとけ,Будда
4,仕,シ,つかえる,"служить, делать"
3,他,タ,ほか,другой
3,付,フ,つける,присоединять
1,仙,,,hermit
4,代,ダイ,かわる、よ,"менять местами, эпоха, плата"
2,令,レイ,—,"приказ, вежливый префикс, указывающий на родство"
4,以,イ,—,"посредством, префикс направления"
2,仮,カ,かり,"временный, ненастоящий, предполагаемый"
1,仰,ギョー,あおぐ、おおせ,смотреть вверх
3,仲,チュー,なか,"отношения, посредник"
3,件,ケン,—,"дело, происшествие"
3,任,ニン,まかせる,"поручать, доверять, назначать"
1,伏,,,prostrated
5,休,キュー,やすむ,отдых
5,会,"カイ
(エ)",あう,"встреча, собрание"
3,伝,デン,つたわる,"передаваться, вдоль"
1,伯,,,chief
1,伴,,,consort
3,伸,シン,のびる,растягиваться
2,伺,,,pay respects
3,似,ジ,にる,похожий
3,位,イ,くらい,"ранг, позиция, настолько"
4,低,テイ,ひくい,низкий
4,住,ジュー,すむ,"жить, проживать"
1,佐,サ,—,старший офицер
4,体,"タイ
(テイ)",からだ,"тело, вещество, корпус"
5,何,カ,なに、なん,что
3,余,ヨ,あまる,избыток
4,作,サク、サ,つくる,создавать
1,併,,,join
4,使,シ,つかう,пользоваться
3,例,レイ,たとえる,пример
1,侍,,,waiter
3,供,キョー、ク,とも、そなえる,предоставлять
2,依,,,reliant
2,価,カ,あたい,"цена, ценность"
4,便,ベン、ビン,たより,"удобство, почта, выделения"
3,係,ケイ,かかり、かかる,главный
1,俗,,,vulgar
3,保,ホ,たもつ,"сохранять, поддерживать, заботиться, ручаться"
3,信,シン,—,"доверие, сигнал, сообщение"
2,修,シュー,おさめる,"учиться, чинить"
1,俳,,,actor
1,俺,—,おれ,я (исп. мужчинами)
1,倉,ソー,くら,склад
3,個,コ,—,индивидуальный
2,倍,バイ,—,дважды
3,倒,トー,たおれる,"падать, валиться"
3,候,コー,そうろう,"климат, симптом"
4,借,シャク,かりる,брать взаймы
2,値,チ,ね、あたい,"величина, цена"
2,偉,,,admirable
2,停,,,останавливаться
2,健,,,здоровый
3,側,ソク,がわ,сторона
2,偶,,,accidentally
1,傍,ボー,かたわら,"сбоку, наблюдатель"
2,備,ビ,そなえる,"запасать, оборудовать, готовиться"
1,傷,ショー,きず、いたむ,рана
2,傾,,,lean
4,働,ドー,はたらく,работа
3,像,ゾー,—,"статуя, изображение"
1,僕,ボク,—,я (исп. мальчиками и юношами)
1,僧,ソー,—,буддийский монах
1,儀,ギ,—,"церемония, манеры"
2,億,,,сто миллионов
3,優,ユー,やさしい、すぐれる,"превосходный, изящный, актёр"
4,元,"ゲン
(ガン)",もと,"начало, исток, основа"
4,兄,ケイ,あに,старший брат
1,充,ジュー,あてる,"наполнять, заполнять"
2,兆,チョー,きざし,"триллион, признак"
5,先,セン,さき,"предыдущий, некоторое время назад, опережение, впереди, далее, кончик"
4,光,コー,ひかり、ひかる,"свет, сияние"
2,児,ジ,—,дитя
2,党,,,political party
5,入,ニュー,はいる、いる,вход
3,全,ゼン,すべて、まったく,целый
5,八,ハチ,"やっつ
(やつ)",восемь
3,公,コー,おおやけ,общественный
5,六,ロク,"むっつ
(むつ)",шесть
3,共,キョー,とも,вместе
3,兵,ヘイ,—,солдат
3,具,グ,そなえる,инструмент
3,内,ナイ,うち,внутри
5,円,エン,まる,круглый
2,冊,"サツ
(サク)",—,"том, книга"
3,再,サイ,ふたたび,повторный
4,写,シャ,うつす,копировать
4,冬,トー,ふゆ,зима
3,冷,レイ,つめたい、ひえる、さめる,холодный
2,凍,,,frozen
1,凡,,,mediocre
3,処,ショ,—,"распоряжаться, наказание, место"
5,出,シュツ,でる、だす,выход
1,刀,トー,かたな,катана
5,分,ブン、フン,わかる,"понимать, минута, доля"
4,切,セツ,きる,резать
2,刊,,,publish
1,刑,,,punish
2,列,レツ,つらなる,ряд
3,初,ショ,はじめ、はつ,"первый, начало"
3,判,ハン、バン,—,судить
4,別,ベツ,わかれる,"другой, отделяться, расставаться"
3,利,リ,きく,"прибыль, выгода, острый"
2,到,トー,—,прибытие
3,制,セイ,—,"контроль, ограничивать, система, строй"
2,刷,サツ,する,печатать
2,券,,,ticket
2,刺,シ,さす,колоть
3,刻,コク,きざむ,"гравировать, время"
2,則,ソク,—,правила
5,前,ゼン,まえ,"до, впереди"
1,剣,ケン,つるぎ,меч
2,副,,,вице-
2,割,カツ,わり、わる、さく,"делить, разделять, уступать, соотношение величин"
1,創,,,create
3,劇,ゲキ,—,"пьеса, драма, интенсивный"
4,力,リョク、リキ,ちから、りきむ,сила
1,功,,,достижение
3,加,カ,くわえる,добавлять
3,助,ジョ,たすける,помощь
2,努,,,каторга
3,労,ロー,(いたわる),труд
2,効,コー,きく,эффект
2,勇,,,храбрость
4,勉,ベン,つとめる,стараться
4,動,ドー,うごく,двигаться
1,勘,,,intuition
2,務,ム,つとめる,"долг, обязанности, дела"
3,勝,ショー,かつ、まさる,побеждать
2,募,,,recruit
3,勢,"セイ
(ゼイ)",いきおい,"сила, мощь, энергия, ход событий"
2,勤,,,diligence
1,勧,カン,すすめる,"советовать, побуждать, поощрять"
2,包,ホー,つつむ,"обёртывать, заворачивать"
3,化,カ,ばける,"изменяться, превращаться"
5,北,ホク,きた,север
2,匹,,,equal
4,区,ク,—,район
4,医,イ,—,доктор
5,十,ジュー,"とお
(と)",десять
5,千,セン,ち,тысяча
5,午,ゴ,—,полдень
5,半,ハン,なかば,половина
2,卒,,,выпускаться
1,卓,,,eminent
2,協,,,сотрудничество
5,南,ナン,みなみ,юг
3,単,タン,—,"простой, отдельный, единичный"
1,博,ハク、バク,—,"эрудиция, азартная игра"
2,占,,,fortune telling
2,印,イン,しるし,"знак, печать"
2,危,キ,あぶない、あやうい,опасный
1,即,ソク,—,немедленно
1,却,,,instead
2,卵,,,egg
2,厚,,,rich
3,原,ゲン,はら,луг
1,厳,,,strict
4,去,キョ,さる,уходить
3,参,サン,まいる,"участвовать, приходить, идти, посетить"
1,又,—,また,опять
1,及,キュー,およぶ,"достигать, упоминать"
5,友,ユー,とも,друг
2,双,,,pair
3,反,ハン,そる,"против, анти-"
2,収,シュー,おさめる,"доход, получать, собирать, сжимать"
1,叔,,,uncle
3,取,シュ,とる,брать
3,受,ジュ,うける,"принимать, подвергаться"
5,口,"コー
(ク)",くち,"рот, уста, язык/речь, отверстие"
5,古,コ,ふるい,старый
1,句,ク,—,фраза
3,叫,キョー,さけぶ,кричать
2,召,ショー,めす,вызывать
3,可,カ,—,"одобрять, возможный"
4,台,"ダイ
(タイ)",—,"подставка, возвышение"
3,史,シ,—,история
5,右,"ウ
(ユー)",みぎ,право
3,号,ゴー,—,"номер, знак"
2,司,シ,—,"управлять, ведать"
2,各,カク,おのおの,каждый
4,合,ゴー、ガッ,あう,"соединять, подходить"
1,吉,キチ、キツ,—,удача
4,同,ドー,おなじ,"одинаковый, вышеупомянутый"
5,名,メイ、ミョー,な,"имя, название"
1,吐,ト,はく,тошнить
3,向,コー,むく,направление
3,君,クン,きみ,ты
2,否,,,negate
2,含,,,include
2,吸,キュー,すう,"сосать, курить, высасывать"
3,吹,スイ,ふく,дуть
1,呂,ロ,—,"ванна, звучание"
1,呉,ゴ,—,давать
3,告,コク,つげる,сообщать
2,周,シュー,まわり,окружность
4,味,ミ,あじ,вкус
3,呼,コ,よぶ,звать
3,命,メイ,いのち,"жизнь, приказ"
3,和,ワ,やわらぐ、なごむ,"гармония, мягкий, японский"
2,咲,,,blossom
1,哀,,,pathetic
4,品,ヒン,しな,"товар, качество чего-либо"
4,員,イン,—,"работник, сотрудник, член"
1,哲,,,philosophy
1,唯,ユイ,—,"только, единственный"
3,商,ショー,あきなう,торговать
4,問,モン,とう,вопрос
3,善,ゼン,よい,"добро, правильный"
3,喜,キ,よろこぶ,радоваться
2,喫,,,consume
2,営,,,manage
3,器,キ,うつわ,"сосуд, инструмент, способности"
5,四,シ,"よん、よっつ
(よつ)",четыре
4,回,カイ,まわる,"раз, вращать"
2,因,イン,よる,причина
3,団,ダン,—,"объединение, группа"
3,困,コン,こまる,затруднение
3,囲,イ,かこむ,окружать
4,図,ズ、ト,はかる,"план, карта, чертёж"
2,固,コ,かたい,твёрдый
5,国,コク,くに,страна
2,園,エン,その,сад
5,土,ド,つち,"земля, почва"
2,圧,,,pressure
3,在,ザイ,ある,"быть, существовать"
4,地,チ、ジ,—,"земля, почва"
3,坂,ハン,さか,холм
2,均,,,level
2,坊,ボー,—,"мальчик, монах, суффикс лица"
2,型,,,модель
2,埋,,,bury
3,城,ジョー,しろ,"замок, крепость"
2,域,,,range
1,執,,,tenacious
2,基,,,foundation
4,堂,ドー,—,зал
1,堪,,,withstand
3,報,ホー,むくいる,"сообщение, известие, отплачивать"
4,場,ジョー,ば,"место, рынок, физ. поле"
2,塔,,,pagoda
2,塗,,,paint
2,塩,,,соль
2,境,キョー,さかい,"граница, обстоятельства, состояние"
1,墓,,,grave
2,増,,,increase
3,壁,ヘキ,かべ,стена
1,士,シ,—,"воин, благородный муж"
4,声,セイ,こえ,голос
4,売,バイ,うる,продавать
3,変,ヘン,かわる,"изменяться, странный, происшествие, несчастный случай"
4,夏,カ,なつ,лето
4,夕,セキ,ゆう,вечер
5,外,"ガイ
(ゲ)",そと、ほか、はずす,"снаружи, иностранный, исключение"
5,多,タ,おおい,много
4,夜,ヤ,よ、よる,ночь
3,夢,ム,ゆめ,"сон, мечта"
5,大,ダイ、タイ,おおきい,большой
5,天,テン,あめ,"небеса, природа, погода"
4,太,タイ,ふとい,"толстый, большой, великий"
3,夫,フ,おっと,муж
2,央,オー,—,центр
3,失,シツ,うしなう,"терять, неудача"
1,奇,キ,—,"необыкновенный, странный"
1,奉,,,observance
3,奥,オー,おく,глубь
5,女,"ジョ
(ニョ)",おんな,женщина
1,奴,ド,やつ,"парень, слуга"
4,好,コー,このむ、すく,нравиться
1,如,ジョ、ニョ,(ごとし),"подобно, усилительный суффикс"
1,妙,ミョー,—,"таинственный, чудесный, странный"
4,妹,マイ,いもうと,младшая сестра
3,妻,サイ,つま,жена
4,姉,シ,あね,старшая сестра
4,始,シ,はじまる,начинаться
2,姓,,,surname
2,委,イ,ゆだねる,"поручать, комитет"
1,姫,—,ひめ,"принцесса, девушка"
1,姿,シ,すがた,облик
1,威,,,intimidate
3,娘,—,むすめ,дочь
1,婆,バ,—,старуха
2,婚,コン,—,брак
3,婦,フ,—,дама
1,嫌,ケン,いや、きらう,не любить
1,嬢,,,lass
5,子,"シ
(ス)",こ,"ребёнок, детёныш"
4,字,ジ,あざ,"буква, знак"
3,存,ソン、ゾン,—,"полагать, существовать"
2,季,,,сезон
5,学,ガク,まなぶ,"учиться, наука"
2,孫,,,внук
2,宅,,,home
2,宇,,,eaves
3,守,シュ,まもる,защищать
5,安,アン,やすい,"дешёвый, спокойный, безопасный"
2,完,カン,—,"совершенный, безупречный, завершение"
1,宗,シュー、ソー,—,"религия, предок"
3,官,カン,—,"чиновник, орган чувств"
2,宙,,,mid-air
3,定,テイ、ジョー,さだめる,определять
1,宜,,,best regards
2,宝,,,treasure
3,実,ジツ,み、みのる,реальность
3,客,キャク、カク,—,"гость, клиент"
4,室,シツ,むろ,комната
1,宮,キュー、グー,みや,"дворец, храм, принц, принцесса"
2,害,ガイ,—,вред
4,家,"カ
(ケ)",いえ,"дом, суффикс для людей"
3,容,ヨー,—,"содержать, допускать, облик"
3,宿,シュク,やど,гостиница
1,寂,,,loneliness
3,寄,キ,よる,"приближаться, подходить"
1,密,ミツ,—,"секретный, плотный, подобный"
3,富,フ,とみ、とむ,богатство
4,寒,カン,さむい,холодный
3,寝,シン,ねる,ложиться спать
3,察,サツ,—,"инспектировать, предполагать"
1,寸,スン,—,"сун (3.03 см), малый"
3,寺,ジ,てら,буддийский храм
3,対,タイ,—,противоположный
2,封,,,seal
2,専,,,specialty
1,射,シャ,いる,"стрелять, излучать"
3,将,ショー,—,"генерал, командир"
2,尊,ソン,たっとい、とうとい,"почитать, уважать"
1,尋,ジン,たずねる,разыскивать
2,導,,,guide
5,小,ショー,ちいさい,маленький
5,少,ショー,すくない、すこし,"мало, немного, юность"
1,尚,ショー,—,"ещё, почитать"
1,就,,,concerning
1,尺,シャク,—,"мера длины, сяку"
1,尽,,,exhaust
1,尾,ビ,お,хвост
2,局,キョク,—,офис
3,居,キョ,いる,"проживать, находиться"
1,屈,,,yield
2,届,—,とどける,"заявлять, уведомлять, доставлять"
4,屋,オク,や,"дом, крыша"
2,展,,,expand
2,層,,,stratum
5,山,サン,やま,гора
1,岡,—,おか,холм
3,岩,ガン,いわ,"скала, горная порода"
3,岸,ガン,きし,берег
3,島,トー,しま,остров
1,崎,—,さき,мыс
5,川,セン,かわ,река
3,州,シュー,す,"провинция, мель"
4,工,コー、ク,—,ремесло
5,左,サ,ひだり,лево
2,巨,キョ,—,гигантский
3,差,サ,さす,"разница, префикс 差し"
1,己,コ、キ,おのれ,сам
3,巻,カン,まき、まく,"свёртывать, том"
4,市,シ,いち,"город (крупный), рынок"
2,布,フ,ぬの,ткань
2,希,キ,—,"надежда, редкий"
1,帝,,,sovereign
3,師,シ,—,"учитель, духовное лицо, суффикс лица по профессии"
2,席,セキ,—,"место для сидения, помещение, посещение"
2,帯,タイ,おび、おびる,"пояс, лента, носить при себе"
4,帰,キ,かえる,возвращаться
1,帳,チョー,—,книга для записей
3,常,ジョー,つね、とこ,"обычный, постоянный"
2,帽,,,cap
2,幅,,,breadth
1,幕,,,curtain
2,干,カン,ひる、ほす,сухой
3,平,ヘイ,たいら、ひらたい,"плоский, ровный, обычный, простой"
5,年,ネン,とし,"год, возраст"
3,幸,コー,しあわせ、さいわい、さち,счастье
2,幼,,,infancy
1,幾,キ,いく,сколько
2,庁,,,government office
4,広,コー,ひろい,широкий
3,床,ショー,とこ、ゆか,"постель, пол"
3,底,テイ,そこ,дно
5,店,テン,みせ,магазин
2,府,フ,—,"префектура, правительство"
4,度,ド,たび,"раз, градус, величина"
3,座,ザ,すわる,"сидеть, место для сидения"
3,庫,コ,くら,"хранилище, склад"
3,庭,テイ,にわ,"сад, двор"
2,康,,,мир
1,廊,ロー,—,коридор
2,延,,,prolong
4,建,ケン,たてる,строить
1,弁,ベン,—,"речь, различать, платить, лепесток, клапан"
3,式,シキ,—,"церемония, стиль, формула"
4,引,イン,ひく,тянуть
4,弟,テイ,おとうと,"младший брат, ученик"
4,弱,ジャク,よわい,слабый
3,張,チョー,はる,натягивать
4,強,キョー、ゴー,つよい,сильный
1,弾,ダン,ひく、はずむ、たま,"играть на муз. инструменте, упругость, пуля, снаряд, осуждать"
3,当,トー,あたる,"этот, данный, правильный, выполнять обязанности"
3,形,"ケイ
(ギョー)",かたち,"форма, образ"
1,影,エイ,かげ,"тень, силуэт"
3,役,ヤク、エキ,—,"роль, служба"
3,彼,ヒ,かれ,"он, тот"
1,往,オー,—,"движение, минувший"
4,待,タイ,まつ,ждать
2,律,,,rhythm
5,後,ゴ、コー,うしろ、あと、のち、おくれる,"после, сзади"
3,徒,ト,—,"последователь, ученик, группа людей, человек, напрасный"
1,従,ジュー,したがう,"следовать, подчиняться"
3,得,トク,える、うる,"получать, понимать, прибыль"
3,御,ゴ、ギョ,—,уважительный префикс
2,復,,,repeating
1,微,ビ,—,"мелкий, микро, тонкий"
1,徳,トク,—,"нравственность, добродетель"
4,心,シン,こころ,"сердце, чувство, сердцевина, центр"
3,必,ヒツ,かならず,"неизбежный, обязательный"
1,忍,,,endure
3,志,シ,こころざし、こころざす,намерение
3,忘,ボー,わすれる,забывать
2,忙,,,busy
3,応,オー,こたえる,"реагировать, отвечать"
1,忠,,,loyalty
3,快,カイ,こころよい,"приятный, выздоровление"
3,念,ネン,—,мысль
2,怒,ド,おこる、いかる,"сердиться, гнев"
2,怖,フ,こわい,страшный
4,思,シ,おもう,думать
4,急,キュー,いそぐ,спешить
3,性,セイ、ショー,—,"пол, характер, натура"
1,怪,カイ,あやしい,"подозрительный, загадочный"
3,恋,レン,こい,любовь (романтическая)
3,恐,キョー,おそれる,страх
2,恥,チ,はじ、はじる,стыд
3,息,ソク,いき,дыхание
2,恵,,,favor
1,悟,,,enlightenment
2,悩,,,trouble
4,悪,アク,わるい,плохой
3,悲,ヒ,かなしい,печальный
3,情,ジョー,なさけ,"чувства, обстоятельства"
1,惑,ワク,まどう,"растерянность, очарование"
1,惜,,,pity
3,想,ソー,—,"мысль, представлять"
4,意,イ,—,"мысль, намерение, смысл"
1,愚,,,foolish
3,愛,アイ,—,любовь
3,感,カン,—,чувство
1,態,タイ,—,состояние
1,慢,,,ridicule
2,慣,,,accustomed
1,慮,,,prudence
2,憎,,,hate
1,憶,オク,—,память
1,懐,,,pocket
1,懸,,,suspend
3,成,セイ,なる,"становиться, образовывать, расти, результат"
1,我,ガ,われ,"эго, я"
3,戦,セン,"たたかう
(いくさ)","война, сражение"
1,戯,,,frolic
3,戸,コ,と,дверь
3,戻,レイ,もどす,возвращать
1,房,ボー,ふさ,"камера, помещение"
4,所,ショ,ところ,"место, учреждение"
1,扉,ヒ,とびら,дверь
5,手,シュ,て,рука
2,才,サイ,—,талант
3,打,ダ,うつ,ударять
2,払,フツ,はらう,"платить, чистить, усилительный суффикс"
2,批,,,criticism
2,承,ショー,うけたまわる,"соглашаться, наследовать"
2,技,ギ,わざ,навык
3,投,トー,なげる,бросать
3,折,セツ,おり、おる,"сгибать, ломать, момент"
3,抜,バツ,ぬく,"вытаскивать, превосходить, проходить насквозь"
3,抱,ホー,だく、いだく、かかえる,"обнимать, питать чувства"
3,押,オー,"おす
(おさえる)",надавить
2,担,,,shouldering
2,招,,,beckon
2,拝,,,worship
1,拠,,,foothold
2,拡,,,broaden
2,拾,シュー,ひろう,"поднимать, подбирать"
4,持,ジ,もつ,"держать, иметь"
3,指,シ,ゆび、さす,"палец, указывать"
1,挙,,,поднимать
2,挟,,,pinch
1,振,シン,ふる,трясти
2,捕,,,catch
2,捜,,,search
2,捨,シャ,すてる,выбрасывать
2,掃,,,sweep
2,授,ジュ,さずける,"даровать, обучать"
2,掘,,,dig
1,掛,—,かける,"вешать, усилительный суффикс, суффикс незаконченности"
2,採,,,pick
3,探,タン,さがす、さぐる,"искать, разведывать"
2,接,セツ,つぐ,"соединять, соприкасаться"
1,推,,,infer
1,描,ビョー,えがく、かく,рисовать
1,提,,,propose
2,換,,,interchange
1,握,アク,にぎる,"схватывать, держать"
1,揺,ヨー,ゆれる,"трястись, качаться"
2,損,,,loss
1,撃,ゲキ,うつ,"нападать, стрелять"
2,操,,,maneuver
3,支,シ,ささえる,"поддерживать, отделение/филиал, расходы"
3,改,カイ,あらためる,"менять, переделывать"
3,放,ホー,はなす、ほうる,отпускать
3,政,セイ,まつりごと,политика
3,故,コ,ゆえ,обстоятельства
2,救,,,спасение
2,敗,,,неудача
4,教,キョー,おしえる、おそわる,"учить, преподавать"
3,散,サン,ちる,разбрасывать
2,敬,ケイ,うやまう,уважать
3,数,スー,かず、かぞえる,"цифра, число"
2,整,セイ,ととのえる、ととのう,приводить в порядок
1,敵,テキ,(かたき),враг
1,敷,フ,しく,стелить
4,文,ブン、モン,ふみ,"текст, письменность, фраза, культура"
1,斎,,,purification
4,料,リョー,—,"оплата, материал"
3,断,ダン,たつ、ことわる,"отрезать, прерывать, утверждение, заключение"
5,新,シン,あたらしい,новый
4,方,ホー,かた,"направление, способ, квадрат"
4,旅,リョ,たび,путешествие
4,族,ゾク,—,"семья, племя"
1,既,,,previously
5,日,ニチ、ジツ,"ひ
(か)","день, солнце"
1,旦,タン,—,новый день
2,旧,キュー,—,"старое, прошлое"
4,早,ソー,はやい,"рано, быстро"
2,昇,,,rise up
4,明,メイ、ミョー,あかり、あかるい,"яркий, очевидный, мудрость"
2,易,エキ、イ,やさしい,"лёгкий, торговля, гадание"
3,昔,セキ,むかし,"прошлое, в старину"
2,星,セイ,ほし,"звезда, небесное тело, мишень"
4,映,エイ,うつる、はえる,отражаться
4,春,シュン,はる,"весна, страсть, эротика"
3,昨,サク,—,прошлый (о времени)
1,昭,ショー,—,сиять
1,是,ゼ,—,"именно так, политика, правильность"
4,昼,チュー,ひる,день (дневное время)
5,時,ジ,とき,"время, час"
3,晩,バン,—,"вечер, поздний"
2,普,フ,—,"обычный, всеобщий"
3,景,ケイ,—,"вид, пейзаж, состояние"
2,晴,セイ,はれる,ясная погода
4,暑,ショ,あつい,"жаркий, горячий"
2,暖,,,warmth
4,暗,アン,くらい,тёмный
1,暫,,,temporarily
3,暮,ボ,くらす,сумерки
2,暴,ボー,あばれる,насилие
2,曇,,,cloudy weather
4,曜,ヨー,—,день недели
3,曲,キョク,まがる,"мелодия, изгиб"
3,更,コー,さら、ふける,"обновлять, ещё"
5,書,ショ,かく,писать
2,替,タイ,かえる,обмен
3,最,サイ,もっとも,самый
5,月,ゲツ、ガツ,つき,"месяц, луна"
4,有,"ユー
(ウ)",ある,"быть, иметь"
4,服,フク,—,"одежда, подчинение"
3,望,ボー,のぞむ,"желание, надежда"
4,朝,チョー,あさ,утро
3,期,キ,—,период времени
5,木,モク、ボク,き,дерево
3,未,ミ,—,ещё не
3,末,マツ,すえ,"конец, окончание, последний, порошок"
5,本,ホン,もと,"книга, источник, истинный, этот"
2,札,,,"ярлык, бирка"
2,机,,,desk
1,杉,—,すぎ,криптомерия
2,材,,,хлам
4,村,ソン,むら,деревня
2,束,ソク,たば,"связка, пучок"
3,条,ジョー,—,"статья, параграф, пункт, линия"
5,来,ライ,くる,приходить
2,杯,,,counter for cupfuls
5,東,トー,ひがし,восток
1,松,ショー,まつ,сосна
2,板,"ハン
(バン)",いた,"доска, плита"
4,林,リン,はやし,роща
2,枚,マイ,—,счётное слово для плоских предметов
3,果,カ,はたす,"фрукт, выполнять, результат"
3,枝,シ,えだ,ветвь
2,枯,,,wither
1,柄,ヘイ,がら、え,"узор, рукоятка, телосложение"
1,染,セン,そめる、しみる,окрашивать
2,柔,,,tender
2,柱,チュー,はしら,столб
1,柳,,,willow
2,査,,,investigate
2,栄,,,процветание
5,校,コー,—,школа
3,根,コン,ね,корень
3,格,カク,—,"статус, стандарт, характер, падеж"
3,案,アン,—,"план, идея"
1,梅,,,абрикос
2,械,,,хитроумное изобретение
2,棒,,,rod
4,森,シン,もり,лес
1,椅,,,chair
2,植,ショク,うえる,"сажать, сеять"
2,検,,,examine
4,業,ギョー、ゴー,わざ,"промышленность, дело"
3,極,"キョク
(ゴク)",きわまる,"крайняя степень, полюса"
4,楽,ラク、ガク,たのしい,"удовольствие, музыка"
1,概,,,outline
3,構,コー,かまえる,конструкция
3,様,ヨー,さま,"вид, положение"
2,標,,,указатель
1,模,,,imitation
2,権,ケン,—,"права, власть"
3,横,オー,よこ,"горизонтальный, бок"
1,樹,ジュ,—,деревья
3,橋,キョー,はし,мост
3,機,キ,(はた),"механизм, момент, состояние человека"
2,欠,ケツ,かける,недоставать
3,次,ジ,つぎ、つぐ,следующий
2,欧,,,Europe
2,欲,ヨク,ほしい,"желание, жадность"
4,歌,カ,うた,песня
4,止,シ,とまる、やむ,остановиться
4,正,セイ、ショー,"ただしい
(まさ)","верный, правильный, справедливый"
3,武,ブ,—,военный
4,歩,ホ,あるく、あゆむ,шагать
2,歯,シ,は,зуб
3,歳,サイ,—,"возраст, год"
3,歴,レキ,—,"биография, последовательно"
4,死,シ,しぬ,смерть
1,殊,,,particularly
3,残,ザン,のこる,остаток
3,段,ダン,—,"ступень, стадия"
3,殺,サツ,ころす,убить
3,殿,デン,との、どの,"дворец, суффикс доно"
5,母,ボ,はは,мать
5,毎,マイ,—,каждый
2,毒,ドク,—,яд
3,比,ヒ,くらべる,сравнивать
3,毛,モー,け,"волосы, шерсть"
1,氏,シ,うじ,"род, фамилия"
4,民,ミン,(たみ),народ
5,気,"キ
(ケ)",—,"духовная сила, дух, энергия, воздух"
5,水,スイ,みず,вода
2,氷,ヒョー,こおり,лёд
3,永,エイ,ながい,вечный
3,求,キュー,もとめる,"требовать, искать"
2,汗,,,sweat
2,汚,オ,けがす、よごす、きたない,грязный
1,江,コー,え,бухта
4,池,チ,いけ,"пруд, водоем"
3,決,ケツ,きめる,решать
1,汽,キ,—,пар
2,沈,チン,しずむ,"тонуть, погружаться"
1,沢,タク,さわ,"болото, обилие"
3,河,カ,かわ,река
2,沸,,,seethe
2,油,ユ,あぶら,масло
3,治,チ、ジ,おさめる、なおす,"управлять, лечить"
2,況,キョー,—,положение
2,泉,セン,いずみ,родник
2,泊,,,overnight
3,法,ホー,—,"закон, метод, религия, мат. операции"
3,波,ハ,なみ,волна
3,泣,キュー,なく,плакать
2,泥,,,mud
4,注,チュー,そそぐ,"наливать, запись, заказ"
2,泳,エイ,およぐ,плавать
4,洋,ヨー,—,океан
4,洗,セン,あらう,"мыть, стирать"
1,津,シン,つ,гавань
3,活,カツ,—,"живой, активный"
1,派,ハ,—,"группа, секта, школа, командировка"
3,流,リュー,ながれる,течение
2,浅,,,мелкий
1,浜,,,seacoast
1,浪,,,wandering
3,浮,フ,うく,"плавать, плавающий, нестабильный"
2,浴,,,купаться
4,海,カイ,うみ,море
3,消,ショー,きえる、けす,"гасить, тушить, исчезать"
3,涙,ルイ,なみだ,слезы
2,液,,,fluid
2,涼,,,refreshing
3,深,シン,ふかい,глубокий
2,混,コン,まじる,смешивать
3,清,セイ,きよい,чистый
3,済,サイ,すむ,"окончиться, уплачивать, помогать"
2,減,,,decrease
3,渡,ト,わたる,переправляться
2,温,オン,あたたかい,"тёплый, температура"
2,測,,,fathom
2,港,コー,みなと,"порт, гавань"
2,湖,コ,みずうみ,озеро
2,湯,トー,ゆ,горячая вода
2,湾,,,gulf
2,湿,,,damp
3,満,マン,みちる,полный
1,源,ゲン,みなもと,исток
3,準,ジュン,—,"стандарт, полу"
2,溶,,,melt
1,滅,メツ,ほろびる,"гибнуть, разрушаться, неразумный"
2,滴,,,drip
2,漁,,,рыбачить
3,演,エン,—,выступать
4,漢,カン,—,"китайский, суффикс для людей (чаще неодобрительный)"
1,激,ゲキ,はげしい,яростный
2,濃,,,concentrated
2,濯,,,laundry
1,瀬,,,rapids
5,火,カ,ひ,огонь
2,灯,トー,ひ、ともす,"лампа, свет"
2,灰,,,ashes
2,炭,タン,すみ,уголь
3,点,テン,—,"точка, место, пункт"
1,為,イ,—,делать
3,無,ム,ない,"ничего, без"
3,然,ゼン,—,"так, суффикс признака"
3,焼,ショー,やく,жарить
3,煙,エン,けむり、けむる,дым
2,照,ショー,てる,"светить, сопоставлять, прицеливание"
3,熱,ネツ,あつい,горячий
2,燃,,,burn
2,燥,,,parch
2,爆,バク,はぜる,взрыв
5,父,フ,ちち,отец
3,片,ヘン,かた,"односторонний, один предмет из нескольких, кусок"
3,版,ハン,—,издание
4,牛,ギュー,うし,корова
4,物,ブツ、モツ,もの,вещь
4,特,トク,—,особый
4,犬,ケン,いぬ,собака
2,犯,,,crime
3,状,ジョー,—,"форма, положение, письмо"
1,狂,キョー,くるう,сумасшедший
3,独,ドク,ひとり,"один, в одиночку"
2,狭,,,cramped
2,猫,ビョー,ねこ,кошка
1,玄,ゲン,—,"непостижимый, неочищенный"
2,率,,,rate
3,玉,ギョク,たま,драгоценный камень
3,王,オー,—,правитель
2,珍,,,rare
3,現,ゲン,あらわれる,"появляться, реальность, нынешний"
2,球,キュー,たま,шар
4,理,リ,—,"разум, принцип, закон, теория, управление чем-то"
2,環,,,ring
2,甘,カン,あまい,сладкий
1,甚,ジン,はなはだ,чрезвычайно
5,生,セイ、ショー,いきる、うまれる、はやす,"жизнь, рождаться, студент"
4,産,サン,うむ,"рождать, имущество"
4,用,ヨー,もちいる,"использовать, дело"
4,田,デン,た,рисовое поле
3,由,ユー、ユ,よし,причина
1,甲,コー,—,"панцирь, броня"
3,申,シン,もうす,"говорить, докладывать"
5,男,ダン、ナン,おとこ,мужчина
4,町,チョー,まち,город (небольшой)
4,画,ガ、カク,—,"черта, картина, рисовать"
4,界,カイ,—,"мир, граница, физ. поле"
2,畑,—,はたけ、はた,поле
3,留,リュー,とめる,"останавливать, задерживать"
2,畜,,,livestock
2,略,,,abbreviation
3,番,バン,—,"номер, очерёдность, охрана"
3,異,イ,こと,отличаться
2,畳,,,tatami mat
3,疑,ギ,うたがう,"сомневаться, подозревать"
2,疲,,,exhausted
4,病,ビョー,やむ、やまい,болеть
3,痛,ツー,いたい,боль
2,療,,,heal
4,発,ハツ,—,"испускать, вырабатывать, отправляться, развивать, выявлять"
2,登,トー,のぼる,взбираться
5,白,"ハク
(ビャク)",しろ,"белый, невинность, невиновность"
5,百,ヒャク,もも,сто
3,的,テキ,まと,"цель, суффикс для образования прилагательных"
3,皆,カイ,みな,"все, всё"
1,皇,コー,—,император
2,皮,ヒ,かわ,кожа
2,皿,—,さら,тарелка
1,益,,,benefit
2,盗,,,steal
1,盛,セイ,もる、さかる,"процветать, накладывать"
5,目,モク,め,глаз
3,直,チョク、ジキ,"なおす
(ただちに)","прямой, правильный"
3,相,ソー、ショー,—,взаимный
2,省,,,министерство
2,看,,,watch over
4,県,ケン,—,префектура
4,真,シン,ま,"правда, честный, прямой, усиляющий префикс"
3,眠,ミン,ねむる,спать
1,眺,チョー,ながめる,смотреть
1,眼,ガン,まなこ,глаза
4,着,チャク,きる、つく,"надевать, носить, прибывать, прилипать"
1,瞬,シュン,またたく,"миг, мгновение"
1,矢,シ,や,стрела
4,知,チ,しる,знать
4,短,タン,みじかい,"короткий, недостаток"
3,石,セキ,いし,камень
2,砂,サ,すな,песок
4,研,ケン,とぐ,"точить, изучать"
3,破,ハ,やぶる,"ломать, разрушать, преодолевать"
2,硬,,,stiff
3,確,カク,たしか,"определённый, достоверный"
2,磨,,,grind
3,示,"ジ
(シ)",しめす,"указывать на что-либо, показывать"
3,礼,レイ,—,"поклон, вежливость, благодарность, церемония"
5,社,シャ,やしろ,"компания, святилище, общество"
2,祈,,,pray
2,祖,ソ,—,"предок, основатель"
2,祝,,,праздновать
3,神,"シン
(ジン)",かみ,ками
2,祭,サイ,まつり,фестиваль
2,禁,,,prohibition
3,福,フク,—,"удача, счастье"
1,秀,シュー,ひいでる,превосходить
4,私,シ,わたし、わたくし,"я, свой, личный"
4,秋,シュー,あき,осень
3,科,カ,—,"отделение, отрасль, преступление"
2,秒,ビョー,—,секунда
1,秘,ヒ,ひめる,"секрет, тайна"
1,称,,,appellation
2,移,イ,うつる,"перемещаться, меняться"
3,程,テイ,ほど,"мера, степень, расстояние, распорядок"
2,税,,,tax
3,種,シュ,たね,"семя, биол. вид"
2,積,セキ,つむ,"нагромождать, оценка"
1,穴,ケツ,あな,дыра
4,究,キュー,きわめる,исследовать
5,空,クー,そら、から、あく,"небо, пустота"
3,突,トツ,つく,"ударять, неожиданно"
3,窓,ソー,まど,окно
5,立,リツ,たつ,"вставать, стоять"
1,竜,リュー,たつ,дракон
2,章,ショー,—,"глава (например, книги), значок, эмблема"
2,童,ドー,—,ребёнок
1,端,タン,はし、はた、は,"конец, край, начало, прямой"
2,競,,,подражание
2,竹,チク,たけ,бамбук
3,笑,ショー,わらう、えむ,"смех, улыбка"
2,符,,,token
3,第,ダイ,—,"префикс перед числами, указывающий на порядковый номер"
3,筆,ヒツ,ふで,кисть
3,等,トー、ラ,ひとしい,"равный, класс, разряд, суффикс множественного числа"
1,筋,キン,すじ,"мускул, смысл, сюжет"
2,筒,,,cylinder
4,答,トー,こたえる,ответ
2,算,サン,—,считать
2,管,,,труба
2,箱,—,はこ,коробка
3,節,セツ,ふし,"сустав, узел, мотив, отрезок времени, экономить"
2,築,,,fabricate
2,簡,カン,—,простота
1,籠,ロー,かご、こもる,"корзина, сидеть взаперти"
3,米,ベイ、マイ,こめ,рис
2,粉,,,мука
2,粒,,,grains
3,精,セイ,—,"старание, тщательность, очищать, дух"
2,糸,シ,いと,нить
1,紀,,,летопись
3,約,ヤク,—,"сокращать, приблизительно, обещание"
2,紅,コー,べに、くれない,алый
1,納,,,settlement
2,純,ジュン,—,"беспримесный, чистый"
4,紙,シ,かみ,бумага
2,級,キュー,—,"уровень, ранг"
1,素,ソ、ス,—,"хим. элемент, основа, простой, усилительный префикс"
3,細,サイ,ほそい,"тонкий, маленький, детальный"
2,紹,,,introduce
4,終,シュー,おわる,конец
3,組,ソ,くみ、くむ,команда
3,経,ケイ,へる,"управлять, проходить"
3,結,ケツ,むすぶ、ゆう,"узел, соединять, формировать"
2,絡,,,entwine
3,給,キュー,—,"зарплата, снабжать"
1,統,トー,すべる,"управлять, объединять"
3,絵,エ、カイ,—,картина
3,絶,ゼツ,たえる,"прекращаться, абсолютный"
3,続,ゾク,つづく,продолжаться
2,綿,,,cotton
2,総,,,whole
2,緑,リョク,みどり,зелёный
3,緒,"ショ
(チョ)",お,"начало, чувство"
3,線,セン,—,линия
2,編,ヘン,あむ,"вязать, составлять"
2,練,レン,ねる,"тренироваться, практика"
1,縁,エン,ふち,"узы, связь, родство"
2,績,,,exploits
1,織,ショク,おる,ткать
1,繰,,,winding
3,罪,ザイ,つみ,"преступление, вина, кара"
3,置,チ,おく,класть
2,署,,,government office
3,美,ビ,うつくしい,"прекрасный, красивый"
2,群,グン,むれる,"группа, толпа"
1,義,ギ,—,"справедливость, долг, честь, принцип, смысл"
3,羽,ウ,は、はね,перо
2,翌,,,forthcoming
4,習,シュー,ならう,учиться
3,老,ロー,おいる、ふける,старость
4,考,コー,かんがえる,размышлять
4,者,シャ,もの,"человек, некто"
2,耕,コー,たがやす,земледение
5,耳,ジ,みみ,ухо
1,聖,,,holy
5,聞,"ブン
(モン)",きく,слышать
1,聴,チョー,きく,слушать
3,職,ショク,—,должность
4,肉,ニク,—,"мясо, телесный, физический"
2,肌,,,texture
3,肩,ケン,かた,плечо
2,肯,,,agreement
3,育,イク,そだつ、はぐくむ,"растить, воспитывать"
2,胃,,,желудок
3,背,ハイ,せ、せい、そむく,"сзади, спина, рост, противоречить"
3,胸,キョー,むね,грудь
3,能,ノー,—,"способность, действие, эффект"
2,脂,,,fat
1,脚,,,leg
1,脱,ダツ,ぬぐ,"раздеваться, уклоняться"
2,脳,,,brain
3,腕,ワン,うで,"рука (от плеча до кисти), умение"
3,腰,ヨー,こし,поясница
3,腹,フク,はら,живот
2,膚,,,skin
1,膝,,,knee
2,臓,ゾー,—,внутренности
2,臣,"シン
(ジン)",—,подданный
4,自,"ジ
(シ)",みずから,"сам, свой, личный, свободный"
1,至,シ,いたる,наиболее
1,致,チ,いたす,"навлекать, завлекать"
1,興,コー、キョー,おこる,"развлечение, возрождать, процветать"
1,舎,シャ,—,здание
3,舞,ブ,まい、まう,танец
2,舟,シュー,ふね,лодка
2,航,,,круиз
2,般,,,generally
3,船,セン,ふね,корабль
3,良,リョー,よい,хороший
4,色,ショク、シキ,いろ,"цвет, любовь, секс"
1,芝,,,turf
5,花,カ,はな,цветок
3,芸,ゲイ,—,"искусство, мастерство"
3,若,ジャク,わかい、もしくは,молодой
3,苦,ク,くるしい、にがい,страдать
4,英,エイ,—,"Англия, талант"
4,茶,"チャ
(サ)",—,"чай, беспорядок"
3,草,ソー,くさ,трава
2,荒,コー,あらい、あれる,"бурный, грубый, заброшенный"
2,荷,カ,に,"багаж, груз, ноша"
2,菓,,,confectionery
4,菜,サイ,な,"овощи, зелень, закуска"
1,華,カ,はな,"цветок, великолепие"
3,落,ラク,おちる,"падать, посёлок, юмор"
3,葉,ヨー,は,"лист, листва"
2,著,チョ,あらわす、いちじるしい,"автор, примечательный"
2,蒸,,,foment
3,蔵,ゾー,くら,"кладовая, склад"
3,薄,ハク,うすい,"тонкий, слабый, недостаточный"
4,薬,ヤク,くすり,лекарство
1,藤,トー,ふじ,глициния
1,虚,,,void
2,虫,チュー,むし,насекомое
3,血,ケツ,ち,кровь
1,衆,シュー,—,"массы, народ"
5,行,コー、ギョー,いく、ゆく、おこなう,идти
3,術,ジュツ,—,"искусство, умение"
1,街,ガイ,まち,улица
1,衛,エイ,—,защита
3,衣,イ,ころも,одеяние
3,表,ヒョー,おもて、あらわす,"выражать, поверхность, таблица"
2,袋,,,sack
1,袖,,,sleeve
2,被,,,incur
2,装,ソー,よそおう,"наряд, упаковка, снаряжать"
3,裏,リ,うら,"изнанка, оборотная сторона"
2,補,,,supplement
2,製,,,manufacture
2,複,,,duplicate
1,襲,シュー,おそう,атаковать
5,西,"セイ
(サイ)",にし,запад
3,要,ヨー,いる、かなめ,"быть нужным, требоваться, важный, суть"
5,見,ケン,みる,видеть
2,規,,,rule
1,視,シ,—,"смотреть, зрение"
3,覚,カク,おぼえる、さます,"помнить, чувство, ощущение, просыпаться"
4,親,シン,おや、したしい,"родитель, родство, дружба, близость"
3,観,カン,—,"вид, осматривать, взгляд"
3,角,カク,かど、つの,угол
3,解,カイ,とく,"развязывать, разбирать, понимать, разгадывать, расторгать"
2,触,ショク,さわる、ふれる,"трогать, прикасаться, объявлять"
5,言,"ゲン
(ゴン)","いう
(こと)",сказать
4,計,ケイ,はかる,мерить
2,訓,,,инструкция
3,記,キ,しるす,записывать
2,訪,ホー,おとずれる、たずねる,посещать
2,設,,,establish
3,許,キョ,ゆるす,разрешать
1,訳,ヤク,わけ,"перевод, причина"
1,証,ショー,—,"свидетельство, документ"
3,評,ヒョー,—,"оценка, критика, обсуждение"
2,詞,,,poetry
4,試,シ,ためす、こころみる,испытание
1,詩,シ,—,стих
2,詰,キツ,つめる,"набивать, упакованный"
5,話,ワ,はなし、はなす,разговор
2,誌,,,document
3,認,ニン,みとめる,"признавать, одобрять"
5,語,ゴ,かたる,"язык, слово"
2,誤,,,mistake
4,説,セツ,とく,"объяснять, убеждать, теория"
5,読,"ドク
(トク)",よむ,читать
1,誰,—,だれ,кто
2,課,,,раздел
3,調,チョー,しらべる、ととのう,"музыкальный тон, темп, налаживать, исследовать"
3,談,ダン,—,"разговор, беседа, рассказ"
3,論,ロン,—,"теория, рассуждать"
3,諸,ショ,—,"различные, многие, все"
2,講,,,lecture
3,識,シキ,—,"сознание, знание"
3,警,ケイ,—,"полиция, сторожить"
3,議,ギ,—,"обсуждение, предложение"
1,護,ゴ,—,"охранять, защищать"
3,谷,コク,たに,долина
2,豊,,,bountiful
3,象,ショー、ゾー,—,"слон, явление, объект"
2,貝,—,かい,ракушка
3,負,フ,まける、おう,"минус, нести на себе"
2,財,,,wealth
2,貧,,,poor
2,貨,,,груз
2,販,,,marketing
2,責,セキ,せめる,"ответственность, упрекать, пытать"
2,貯,,,экономить
1,貴,キ,とうとい、たっとい,"ценный, знатный"
5,買,バイ,かう,покупать
4,貸,タイ,かす,одалживать
2,費,,,расходы
2,貿,,,trade
1,賀,,,congratulations
2,賃,,,fare
2,資,シ,—,"средства, ресурсы, капитал"
2,賛,,,approve
2,賞,,,награда
2,賢,,,intelligent
4,質,シツ,—,"качество, характер, материя, качественность"
2,贈,,,presents
4,赤,セキ,あか,красный
4,走,ソー,はしる,бежать
4,起,キ,おきる,"подниматься, просыпаться, начинаться"
2,超,,,transcend
3,越,エツ,こす,пересекать
1,趣,,,gist
5,足,ソク,あし、たりる,нога
1,跡,,,tracks
3,路,ロ,じ,"путь, дорога"
2,踊,,,jump
1,踏,トー,ふむ,ступать
3,身,シン,み,тело
5,車,シャ,くるま,"машина, повозка, колёсное транспортное средство"
3,軍,グン,—,армия
2,軒,ケン,のき,"край крыши, дом"
2,軟,,,soft
4,転,テン,ころがる,"катиться, падать, переходить во что-нибудь"
4,軽,ケイ,かるい、かろやか,лёгкий
2,較,,,contrast
1,載,,,ride
1,輝,,,radiance
1,輩,ハイ,—,товарищ
2,輪,,,колесо
2,輸,,,transport
2,辛,,,spicy
2,辞,,,resign
2,農,ノー,—,сельское хозяйство
3,辺,ヘン,あたり、べ,"окрестности, берег, граница"
3,込,—,こむ,"переполненный, вкладывать, включать"
2,迎,,,welcome
4,近,キン,ちかい,близкий
3,返,ヘン,かえす,"возвращать, ответ"
1,迫,ハク,せまる,наседать
2,述,ジュツ,のべる,высказывать
2,迷,メイ,まよう,"заблудиться, замешательство"
3,追,ツイ,おう,"преследовать, следовать, прогонять"
3,退,タイ,しりぞく,отступать
4,送,ソー,おくる,"посылать, провожать"
3,逃,トー,にげる、のがれる,"убежать, сбежать"
2,逆,ギャク,さからう,"обратный, неблагоприятный"
3,途,ト,—,путь
4,通,ツー,とおる、かよう,"проходить, проезжать, общепринятый, знаток, улица"
2,速,ソク,はやい、すみやか,быстрый
3,造,ゾー,つくる,изготовлять
3,連,レン,つれる、つらなる,"брать с собой, соединение, группа, компания"
5,週,シュー,—,неделя
4,進,シン,すすむ,продвигаться
1,遂,,,consummate
2,遅,チ,おくれる,"поздний, медленный"
3,遊,ユー,あそぶ,"играть, развлекаться, путешествовать"
4,運,ウン,はこぶ,"судьба, удача, перевозить, двигаться"
3,過,カ,すぎる、あやまち,"проходить, превышать, ошибка"
5,道,ドー,みち,"дорога, область искусства"
3,達,タツ、タチ,—,"достигать, доставлять, суффикс множественного числа"
3,違,イ,ちがう,"отличаться, ошибаться"
4,遠,エン,とおい,далёкий
1,遣,ケン,つかわす,"отправлять, посылать"
2,適,,,suitable
2,選,セン,えらぶ,выбирать
1,遺,,,bequeath
1,那,ナ,—,"что, употребляется фонетически"
1,邪,ジャ,—,"злой, дурной"
2,郊,,,outskirts
1,郎,ロー,—,молодой мужчина
3,部,ブ,—,"часть, отдел, отделение, экземпляр"
2,郵,,,mail
1,郷,キョー、ゴー,—,"родина, деревня"
4,都,ト,みやこ,"столица, город"
3,配,ハイ,くばる,распределять
3,酒,シュ,さけ,"алкоголь, сакэ"
1,酔,スイ,よう,пьяный
1,里,リ,さと,"деревня, родной город"
4,重,ジュー、チョー,おもい、かさねる,тяжёлый
4,野,ヤ,の,"поле, дикий"
2,量,リョー,はかる,"количество, вес, объём, измерять"
5,金,キン,かね,"золото, деньги"
2,針,,,needle
2,鈍,,,dull
2,鉄,テツ,—,железо
2,鉱,,,mineral
4,銀,ギン,—,серебро
2,銅,,,copper
1,銭,セン,ぜに,"деньги, монета"
2,鋭,,,pointed
2,録,,,расшифровка
1,鏡,キョー,かがみ,зеркало
5,長,チョー,ながい,"длинный, начальник"
4,門,モン,かど,"ворота, школа, род"
2,閉,ヘイ,とじる、しめる,закрывать
4,開,カイ,ひらく、あく,открывать
5,間,カン,あいだ、ま,"промежуток, комната"
3,関,カン,"かかわる
(せき)","застава, барьер, иметь отношение"
1,闇,—,やみ,"тьма, чёрный рынок"
1,闘,トー,たたかう,"борьба, состязание"
2,防,,,resist
1,附,フ,つける,вариант знака 付
3,降,コー,おりる、ふる,"спускаться, сдаваться, идти (о дожде, снеге)"
3,限,ゲン,かぎる,ограничивать
4,院,イン,—,"учреждение, парламент"
1,陣,,,camp
2,除,,,exclude
1,陰,,,shade
2,陸,,,земля
2,険,ケン,けわしい,"крутой, опасный"
3,陽,ヨー,—,"солнце, ян"
2,隅,,,corner
1,隊,タイ,—,отряд
3,階,カイ,—,"этаж, ступень, уровень"
1,随,,,follow
3,際,サイ,きわ,край
1,障,,,hurt
1,隠,イン,かくす,прятать
1,隣,リン,となり、となる,соседний
1,雄,ユー,おす,"самец, величественный"
4,集,シュー,あつまる、つどう,собирать
2,雇,,,employ
3,雑,"ザツ
(ゾー)",—,"всякие, грубый, беспорядок"
1,離,リ,はなれる,"отделяться, расставаться"
3,難,ナン,むずかしい、かたい,"трудный, бедствие, порицать"
5,雨,ウ,あめ,дождь
3,雪,セツ,ゆき,снег
3,雲,ウン,くも,облако
2,零,,,zero
5,電,デン,—,электричество
2,震,シン,ふるえる,"дрожать, трястись, землетрясение"
1,霊,レイ,たま,дух
1,露,ロ,つゆ,"роса, на открытом воздухе, Россия"
4,青,セイ,あお,"синий, голубой"
3,静,セイ,しずか,"тихий, спокойный"
3,非,ヒ,—,"не, плохой, неправильный"
3,面,メン,おもて、おも、つら,"лицо, поверхность, грань, сторона"
2,革,,,leather
2,靴,,,shoes
4,音,オン,おと、ね,звук
1,響,キョー,ひびく,эхо
2,頂,,,place on the head
1,頃,—,ころ,время
2,順,,,согласие
2,預,,,deposit
2,領,,,territory
1,頬,—,ほお,щека
4,頭,トー,あたま,голова
3,頼,ライ,たのむ、たよる,"просить, поручать, полагаться"
4,題,ダイ,—,"заглавие, тема"
2,額,,,amount
4,顔,ガン,かお,лицо
3,願,ガン,ねがう,"просить, желать"
3,類,ルイ,たぐい,"сорт, сходство"
4,風,フー,かぜ,"ветер, вид, манера, обычаи"
3,飛,ヒ,とぶ,летать
5,食,ショク,たべる、くう,еда
4,飯,ハン,めし,"еда, варёный рис"
5,飲,イン,のむ,пить
1,飾,,,decorate
1,養,ヨー,やしなう,"разводить, выращивать, растить, питание"
4,館,カン,(やかた),общественное здание
4,首,シュ,くび,"шея, главный"
3,香,コー,かおり,аромат
3,馬,バ,うま,лошадь
1,駄,ダ,—,"скверный, вьюк"
5,駅,エキ,—,вокзал
1,駆,ク,かける,"мчаться, прогонять, ехать верхом"
2,駐,,,stop-over
1,騒,ソー,さわぐ,"шуметь, суетиться"
4,験,ケン,—,"испытывать, проверять, опыт"
1,驚,キョー,おどろく,удивляться
3,骨,コツ,ほね,кость
5,高,コー,たかい,высокий
3,髪,ハツ,かみ,волосы (на голове)
1,鬼,キ,おに,о́ни
1,魂,,,soul
1,魔,マ,—,"демон, волшебство"
5,魚,ギョ,"さかな
(うお)",рыба
4,鳥,チョー,とり,птица
3,鳴,メイ,なく,"звучать, чирикать, щебетать, мычать и т. д."
1,鶴,,,crane
1,鹿,—,"しか
(か)",олень
1,麗,レイ,うるわしい,"восхитительный, прекрасный, изящный"
2,麦,バク,むぎ,зерновые
2,黄,コー、オー,き,жёлтый
4,黒,コク,くろ,чёрный
1,黙,モク,だまる,молчать
3,鼻,ビ,はな,нос
2,齢,,,age